--------------------------------------------------
------------EXERCISE TRACKING DATA----------------
--------------------------------------------------
insert into exercise_tracking (exercise_id, completion, exercise_date) values (1, false, 1647481862);
insert into exercise_tracking (exercise_id, completion, exercise_date) values (2, false, 1647481862);
insert into exercise_tracking (exercise_id, completion, exercise_date) values (3, false, 1647481862);
insert into exercise_tracking (exercise_id, completion, exercise_date) values (4, false,1647481862);
insert into exercise_tracking (exercise_id, completion, exercise_date) values (5, false, 1647481862);
insert into exercise_tracking (exercise_id, completion, exercise_date) values (6, false, 1647481862);
insert into exercise_tracking (exercise_id, completion, exercise_date) values (7, false, 1647481862);
insert into exercise_tracking (exercise_id, completion, exercise_date) values (8, false, 1647481862);
insert into exercise_tracking (exercise_id, completion, exercise_date) values (9, false, 1647481862);
insert into exercise_tracking (exercise_id, completion, exercise_date) values (10, false, 1647481862);
insert into exercise_tracking (exercise_id, completion, exercise_date) values (11, false, 1647481862);
insert into exercise_tracking (exercise_id, completion, exercise_date) values (12, false, 1647481862);
insert into exercise_tracking (exercise_id, completion, exercise_date) values (13, false, 1647481862);
insert into exercise_tracking (exercise_id, completion, exercise_date) values (14, false, 1647481862);
insert into exercise_tracking (exercise_id, completion, exercise_date) values (15, false, 1647481862);
insert into exercise_tracking (exercise_id, completion, exercise_date) values (16, false, 1647481862);
insert into exercise_tracking (exercise_id, completion, exercise_date) values (17, false, 1647481862);
insert into exercise_tracking (exercise_id, completion, exercise_date) values (18, false, 1647481862);
insert into exercise_tracking (exercise_id, completion, exercise_date) values (19, false, 1647481862);
insert into exercise_tracking (exercise_id, completion, exercise_date) values (20, false, 1647481862);

----------------------------------------------
------------MEALS TRACKING DATA---------------
----------------------------------------------
insert into meals_tracker (meal_id, meal_date, completion) values (1, 1674869344, false);
insert into meals_tracker (meal_id, meal_date, completion) values (2, 1676578495, false);
insert into meals_tracker (meal_id, meal_date, completion) values (3, 1674098765, false);
insert into meals_tracker (meal_id, meal_date, completion) values (4, 1674453825, false);
insert into meals_tracker (meal_id, meal_date, completion) values (5, 1674087659, false);
insert into meals_tracker (meal_id, meal_date, completion) values (6, 1674234768, false);
insert into meals_tracker (meal_id, meal_date, completion) values (7, 1674098712, false);
insert into meals_tracker (meal_id, meal_date, completion) values (8, 1674432567, false);
insert into meals_tracker (meal_id, meal_date, completion) values (9, 167098734, false);
insert into meals_tracker (meal_id, meal_date, completion) values (10, 1674758694, false);
insert into meals_tracker (meal_id, meal_date, completion) values (11, 1674910235, false);
insert into meals_tracker (meal_id, meal_date, completion) values (12, 1674098562, false);
insert into meals_tracker (meal_id, meal_date, completion) values (13, 1674432879, false);
insert into meals_tracker (meal_id, meal_date, completion) values (14, 1674765492, false);
insert into meals_tracker (meal_id, meal_date, completion) values (15, 1674542098, false);
insert into meals_tracker (meal_id, meal_date, completion) values (16, 1674123098, false);
insert into meals_tracker (meal_id, meal_date, completion) values (17, 1674439708, false);
insert into meals_tracker (meal_id, meal_date, completion) values (18, 1674784021, false);
insert into meals_tracker (meal_id, meal_date, completion) values (19, 1674937204, false);
insert into meals_tracker (meal_id, meal_date, completion) values (20, 1675649344, false);

-------------------------------------
------------EXERCISES DATA-----------
-------------------------------------
insert into exercises (exercise_name, exercise_detail) values ('RDLs', '5 sets of 10 reps');
insert into exercises (exercise_name, exercise_detail) values ('Bicep Curl', '3 sets of 15 reps');
insert into exercises (exercise_name, exercise_detail) values ('Sprints', 'Sprints to exhaustion for 30 second on 1 minute off');
insert into exercises (exercise_name, exercise_detail) values ('Back Extension', '3 sets of 15 reps');
insert into exercises (exercise_name, exercise_detail) values ('Chest Press', '5 sets of 10 reps');
insert into exercises (exercise_name, exercise_detail) values ('Calf Raises', '5 sets of 15 reps');
insert into exercises (exercise_name, exercise_detail) values ('Bulgarian Squats', '3 sets of 12 reps');
insert into exercises (exercise_name, exercise_detail) values ('Hip Abduction', '5 sets of 20 reps');
insert into exercises (exercise_name, exercise_detail) values ('Hammer Curls', '3 sets of 15 reps');
insert into exercises (exercise_name, exercise_detail) values ('Good Mornings', '4 sets of 20');
insert into exercises (exercise_name, exercise_detail) values ('Planks', 'Hold till exhuastion for 5 sets');
insert into exercises (exercise_name, exercise_detail) values ('Shoulder Press', '5 sets of 10 reps');
insert into exercises (exercise_name, exercise_detail) values ('Side Plank', 'Hold till exhuastion for 5 sets');
insert into exercises (exercise_name, exercise_detail) values ('Yoga', 'A full hot hatha class for 60 minutes');
insert into exercises (exercise_name, exercise_detail) values ('Pilates', 'Reformer mat class for 50 minutes');
insert into exercises (exercise_name, exercise_detail) values ('Barre Physique', 'Barre class for 60 minutes');
insert into exercises (exercise_name, exercise_detail) values ('Barbell Squats', '5 sets of 10 reps');
insert into exercises (exercise_name, exercise_detail) values ('Sumo Squat', '3 sets of 5 reps');
insert into exercises (exercise_name, exercise_detail) values ('Deadlift', '4 sets of 5 reps');
insert into exercises (exercise_name, exercise_detail) values ('Hip Thrust', '5 sets of 10 reps');

---------------------------------
------------MEALS DATA-----------
---------------------------------
insert into meals (meal_name, user_id) values ('Turkey Dinner', 1);
insert into meals (meal_name, user_id) values ('Chicken Salad', 2);
insert into meals (meal_name, user_id) values ('Apple', 1);
insert into meals (meal_name, user_id) values ('Chicken Breast', 2);
insert into meals (meal_name, user_id) values ('Egg Sandwich', 1);
insert into meals (meal_name, user_id) values ('Pear', 2);
insert into meals (meal_name, user_id) values ('Tuna Salad', 1);
insert into meals (meal_name, user_id) values ('Tofu Noodles', 2);
insert into meals (meal_name, user_id) values ('Grapes', 1);
insert into meals (meal_name, user_id) values ('Squash Pasta', 2);
insert into meals (meal_name, user_id) values ('Chicken Teriyaki', 1);
insert into meals (meal_name, user_id) values ('Noodle Soup', 2);
insert into meals (meal_name, user_id) values ('Overnight Oats', 1);
insert into meals (meal_name, user_id) values ('Chia Seed Pudding', 2);
insert into meals (meal_name, user_id) values ('Green Smoothie', 1);
insert into meals (meal_name, user_id) values ('Chocolate Protein Shake', 2);
insert into meals (meal_name, user_id) values ('Tuna Sandwich', 1);
insert into meals (meal_name, user_id) values ('Turkey Sandwich', 1);
insert into meals (meal_name, user_id) values ('Sushi', 2);
insert into meals (meal_name, user_id) values ('Granola Yogurt', 2);
---------------------------------
------------USERS DATA-----------
---------------------------------
insert into users (id, name, email, password) values (1, 'Junie Barrand', 'jbarrand0@forbes.com', 'TZ64424Ugl');
insert into users (id, name, email, password) values (2, 'Christian Treeby', 'ctreeby1@cornell.edu', 'qLDvQodxc');
-- insert into users (id, name, email, password) values (3, 'Devina Calbaithe', 'dcalbaithe2@tmall.com', '5uOGFbhKor');
-- insert into users (id, name, email, password) values (4, 'Bambi Tringham', 'btringham3@over-blog.com', 'iz4tcIYj');
-- insert into users (id, name, email, password) values (5, 'Leesa Leipnik', 'lleipnik4@sourceforge.net', '9S2aVl');
-- insert into users (id, name, email, password) values (6, 'Teena Cuttings', 'tcuttings5@ft.com', 'wPDDLG');
-- insert into users (id, name, email, password) values (7, 'Jamey Dei', 'jdei6@histats.com', 'NtBf95YQ88v');
-- insert into users (id, name, email, password) values (8, 'Amerigo Bigham', 'abigham7@posterous.com', 'zElfbO6Mi');
-- insert into users (id, name, email, password) values (9, 'Tally Ipgrave', 'tipgrave8@wsj.com', 'vprhPdeRn');
-- insert into users (id, name, email, password) values (10, 'Erin Tiffin', 'etiffin9@tumblr.com', 'UobeLzcJ9rY');
-- insert into users (id, name, email, password) values (11, 'Ninette Duckit', 'nduckita@yellowpages.com', 'UPbz9pcgZ');
-- insert into users (id, name, email, password) values (12, 'Mervin Press', 'mpressb@histats.com', 'OMwIsUvvV877');
-- insert into users (id, name, email, password) values (13, 'Addie Joesbury', 'ajoesburyc@globo.com', 'PfBxePCCsIkL');
-- insert into users (id, name, email, password) values (14, 'Arlinda Brunsdon', 'abrunsdond@xrea.com', 'hXa5zPlHkBM5');
-- insert into users (id, name, email, password) values (15, 'Cally Abbis', 'cabbise@deviantart.com', 'baOVmHlk2');
-- insert into users (id, name, email, password) values (16, 'Judi Mayhead', 'jmayheadf@psu.edu', '9G7Hdsyl');
-- insert into users (id, name, email, password) values (17, 'Alphard Fronsek', 'afronsekg@ucla.edu', 'bifSzXVCw');
-- insert into users (id, name, email, password) values (18, 'Enid Mabbs', 'emabbsh@studiopress.com', '2JHGiWc');
-- insert into users (id, name, email, password) values (19, 'Philippa Ladson', 'pladsoni@fda.gov', 'ptJsFxvxSxQq');
-- insert into users (id, name, email, password) values (20, 'Suellen Crankshaw', 'scrankshawj@wordpress.com', 'ayim1y');


-- insert into exercise_plans (id, name, exercises) values (1, 'P90x BEASTING', '[1,2,3, 4]')